CLERK,CLERK_ID,QUEUE,SITE,SHIFT,YEARS_EXPERIENCE,BASELINE_TASKS_PER_HOUR,BASELINE_ERROR_RATE,TRAINING_SCORE,TREATMENT,SHIFT_START,SHIFT_END,TASKS_COMPLETED,ERROR_RATE,TREATMENT_BINARY,GROUP,SHIFT_DURATION_HRS,TASKS_PER_HOUR
Leah Kim,LPC-2125,Auto,Irvine Ops Center,Day,2.1,8.3,2.7,90.0,AI Extract,2026-02-18 07:56:00,2026-02-18 15:50:00,76.0,3.6,1,Treatment (AI),7.9,9.62
Rosa Young,LPC-2126,Auto,Irvine Ops Center,Day,4.3,9.1,2.4,88.0,AI Extract,2026-02-21 08:19:00,2026-02-21 16:26:00,82.0,3.4,1,Treatment (AI),8.12,10.1
Samuel Hale,LPC-2127,Auto,Irvine Ops Center,Day,3.9,8.5,2.3,87.0,None,2026-02-21 08:11:00,2026-02-21 16:00:00,66.0,2.4,0,Control (Manual),7.82,8.44
Victor Kim,LPC-2128,Auto,Irvine Ops Center,Day,6.0,8.7,1.9,89.0,Control,2026-02-21 08:11:00,2026-02-21 16:07:00,66.0,1.9,0,Control (Manual),7.93,8.32
Janelle Usman,LPC-2129,Auto,Irvine Ops Center,Day,4.4,8.3,1.7,99.0,Manual Entry,2026-02-21 07:55:00,2026-02-21 15:37:00,63.0,1.6,0,Control (Manual),7.7,8.18
Priya Ellison,LPC-2130,Auto,Irvine Ops Center,Day,2.4,7.9,1.9,87.0,Assist-On,2026-02-19 07:54:00,2026-02-19 16:05:00,72.0,2.9,1,Treatment (AI),8.18,8.8
Victor Nguyen,LPC-2131,Auto,Irvine Ops Center,Day,3.5,8.6,2.2,86.0,None,2026-02-21 07:42:00,2026-02-21 15:57:00,69.0,2.4,0,Control (Manual),8.25,8.36
Talia Nguyen,LPC-2132,Auto,Irvine Ops Center,Day,3.4,9.1,2.3,87.0,Treatment,2026-02-20 08:05:00,2026-02-20 16:10:00,77.0,2.8,1,Treatment (AI),8.08,9.53
Kevin Choi,LPC-2133,Auto,Irvine Ops Center,Day,4.2,9.2,2.1,84.0,None,2026-02-18 07:56:00,2026-02-18 15:55:00,77.0,1.9,0,Control (Manual),7.98,9.65
Janelle Valdez,LPC-2134,Auto,Irvine Ops Center,Day,3.1,8.6,2.0,92.0,Manual Entry,2026-02-17 07:44:00,2026-02-17 15:42:00,70.0,2.5,0,Control (Manual),7.97,8.78
Hannah Foster,LPC-2135,Auto,Irvine Ops Center,Day,6.1,9.6,2.2,85.0,Prefill Enabled,2026-02-16 08:23:00,2026-02-16 16:21:00,77.0,2.8,1,Treatment (AI),7.97,9.66
Talia Choi,LPC-2136,Auto,Irvine Ops Center,Day,4.8,9.3,2.0,93.0,Treatment,2026-02-21 08:17:00,2026-02-21 16:36:00,93.0,2.2,1,Treatment (AI),8.32,11.18
Carla Gupta,LPC-2137,Auto,Irvine Ops Center,Evening,2.3,8.4,2.6,79.0,Control,2026-02-19 11:55:00,2026-02-19 19:36:00,55.0,2.5,0,Control (Manual),7.68,7.16
Janelle Ortiz,LPC-2138,Auto,Irvine Ops Center,Evening,4.1,8.4,2.5,84.0,Prefill Enabled,2026-02-18 12:15:00,2026-02-18 20:17:00,75.0,3.0,1,Treatment (AI),8.03,9.34
Leah Ibarra,LPC-2139,Auto,Irvine Ops Center,Evening,2.9,8.9,2.5,92.0,Control,2026-02-17 12:15:00,2026-02-17 20:19:00,61.0,2.7,0,Control (Manual),8.07,7.56
Yasmin Young,LPC-2140,Auto,Irvine Ops Center,Evening,7.1,9.3,1.7,94.0,Typing Only,2026-02-16 12:22:00,2026-02-16 20:39:00,74.0,1.8,0,Control (Manual),8.28,8.94
Zane Ellison,LPC-2141,Auto,Irvine Ops Center,Evening,3.3,8.5,3.3,87.0,None,2026-02-17 12:16:00,2026-02-17 20:18:00,70.0,3.2,0,Control (Manual),8.03,8.72
Gavin Gupta,LPC-2142,Auto,Irvine Ops Center,Evening,5.2,8.8,1.7,94.0,AI Extract,2026-02-19 11:59:00,2026-02-19 19:58:00,77.0,2.2,1,Treatment (AI),7.98,9.65
Derek Ibarra,LPC-2143,Auto,Irvine Ops Center,Evening,3.9,8.6,2.5,85.0,Group B,2026-02-19 11:43:00,2026-02-19 19:31:00,72.0,2.5,0,Control (Manual),7.8,9.23
Derek Alvarez,LPC-2144,Auto,Irvine Ops Center,Evening,5.2,9.4,1.9,85.0,Treatment,2026-02-18 12:09:00,2026-02-18 20:11:00,86.0,2.4,1,Treatment (AI),8.03,10.71
Zane Turner,LPC-2145,Auto,Irvine Ops Center,Evening,8.5,10.7,2.2,89.0,Group A,2026-02-19 11:43:00,2026-02-19 19:50:00,100.0,2.5,1,Treatment (AI),8.12,12.32
Derek Bennett,LPC-2146,Auto,Irvine Ops Center,Evening,4.1,8.8,2.8,85.0,Group B,2026-02-17 12:07:00,2026-02-17 20:03:00,76.0,2.8,0,Control (Manual),7.93,9.58
Rosa Hale,LPC-2147,Auto,Irvine Ops Center,Evening,5.8,8.9,2.5,85.0,Treatment,2026-02-21 12:18:00,2026-02-21 20:32:00,84.0,3.1,1,Treatment (AI),8.23,10.21
Nina Morris,LPC-2148,Auto,Irvine Ops Center,Evening,0.5,7.4,2.2,93.0,AI Extract,2026-02-17 11:51:00,2026-02-17 19:37:00,71.0,3.0,1,Treatment (AI),7.77,9.14
Nina Reed,LPC-2101,Mortgage,Irvine Ops Center,Day,4.3,7.6,2.4,89.0,Prefill Enabled,2026-02-17 08:21:00,2026-02-17 16:11:00,73.0,3.2,1,Treatment (AI),7.83,9.32
Omar Ellison,LPC-2102,Mortgage,Irvine Ops Center,Day,5.2,7.6,3.2,82.0,Control,2026-02-16 08:09:00,2026-02-16 16:16:00,58.0,3.0,0,Control (Manual),8.12,7.14
Uma Morris,LPC-2103,Mortgage,Irvine Ops Center,Day,7.3,8.5,2.3,93.0,Manual Entry,2026-02-16 07:55:00,2026-02-16 16:08:00,69.0,2.8,0,Control (Manual),8.22,8.39
Kevin Valdez,LPC-2104,Mortgage,Irvine Ops Center,Day,6.2,8.0,3.0,81.0,Prefill Enabled,2026-02-16 07:59:00,2026-02-16 15:55:00,77.0,3.5,1,Treatment (AI),7.93,9.71
Brandon Diaz,LPC-2105,Mortgage,Irvine Ops Center,Day,2.6,6.4,3.2,85.0,Typing Only,2026-02-16 08:17:00,,50.0,3.6,0,Control (Manual),,
Carla Young,LPC-2106,Mortgage,Irvine Ops Center,Day,3.7,7.7,3.3,84.0,Group B,2026-02-18 07:45:00,2026-02-18 15:45:00,54.0,3.4,0,Control (Manual),8.0,6.75
Brandon Lopez,LPC-2107,Mortgage,Irvine Ops Center,Day,4.3,6.5,2.9,82.0,Prefill Enabled,2026-02-16 08:01:00,2026-02-16 16:04:00,63.0,3.3,1,Treatment (AI),8.05,7.83
Yasmin Patel,LPC-2108,Mortgage,Irvine Ops Center,Day,3.1,7.3,3.2,80.0,Group A,2026-02-18 08:03:00,2026-02-18 15:58:00,70.0,3.9,1,Treatment (AI),7.92,8.84
Omar Valdez,LPC-2109,Mortgage,Irvine Ops Center,Day,2.6,7.8,2.9,87.0,Control,2026-02-17 08:13:00,2026-02-17 16:19:00,66.0,3.0,0,Control (Manual),8.1,8.15
Alicia Jacobs,LPC-2110,Mortgage,Irvine Ops Center,Day,2.8,7.8,3.0,80.0,Control,2026-02-19 07:59:00,2026-02-19 16:01:00,68.0,2.9,0,Control (Manual),8.03,8.47
Wendy Choi,LPC-2111,Mortgage,Irvine Ops Center,Day,2.4,7.3,2.8,84.0,AI Extract,2026-02-17 07:53:00,2026-02-17 15:32:00,75.0,3.6,1,Treatment (AI),7.65,9.8
Isaac Gupta,LPC-2112,Mortgage,Irvine Ops Center,Day,4.2,8.1,3.1,89.0,Assist-On,2026-02-17 07:50:00,,77.0,3.6,1,Treatment (AI),,
Alicia Reed,LPC-2113,Mortgage,Irvine Ops Center,Evening,3.4,8.2,3.3,84.0,Manual Entry,2026-02-17 12:07:00,2026-02-17 20:06:00,64.0,3.3,0,Control (Manual),7.98,8.02
Farah Quinn,LPC-2114,Mortgage,Irvine Ops Center,Evening,7.1,8.0,2.5,84.0,None,2026-02-18 11:56:00,2026-02-18 19:37:00,60.0,2.4,0,Control (Manual),7.68,7.81
Talia Lopez,LPC-2115,Mortgage,Irvine Ops Center,Evening,7.0,7.8,2.5,94.0,Assist-On,2026-02-16 12:02:00,2026-02-16 19:47:00,72.0,3.0,1,Treatment (AI),7.75,9.29
Leah Bennett,LPC-2116,Mortgage,Irvine Ops Center,Evening,1.2,6.3,4.1,70.0,Typing Only,2026-02-16 12:11:00,2026-02-16 20:12:00,56.0,4.0,0,Control (Manual),8.02,6.98
Uma Alvarez,LPC-2117,Mortgage,Irvine Ops Center,Evening,6.3,8.3,2.6,95.0,Prefill Enabled,2026-02-20 12:25:00,2026-02-20 20:28:00,75.0,3.5,1,Treatment (AI),8.05,9.32
Uma Nguyen,LPC-2118,Mortgage,Irvine Ops Center,Evening,0.5,6.2,4.2,81.0,Treatment,2026-02-19 12:24:00,2026-02-19 20:34:00,59.0,5.4,1,Treatment (AI),8.17,7.22
Derek Ellison,LPC-2119,Mortgage,Irvine Ops Center,Evening,5.1,7.5,3.3,79.0,Control,2026-02-18 11:54:00,2026-02-18 19:40:00,68.0,3.5,0,Control (Manual),7.77,8.75
Marco Usman,LPC-2120,Mortgage,Irvine Ops Center,Evening,2.4,7.5,3.4,82.0,None,2026-02-19 11:45:00,2026-02-19 19:29:00,60.0,3.3,0,Control (Manual),7.73,7.76
Carla Usman,LPC-2121,Mortgage,Irvine Ops Center,Evening,4.1,7.1,3.3,77.0,Treatment,2026-02-21 12:25:00,2026-02-21 20:33:00,71.0,4.1,1,Treatment (AI),8.13,8.73
Omar Usman,LPC-2122,Mortgage,Irvine Ops Center,Evening,6.8,8.4,3.1,86.0,None,2026-02-17 12:25:00,2026-02-17 20:21:00,71.0,3.3,0,Control (Manual),7.93,8.95
Janelle Lopez,LPC-2123,Mortgage,Irvine Ops Center,Evening,7.6,8.3,2.3,95.0,Group A,2026-02-20 12:05:00,2026-02-20 19:58:00,79.0,3.3,1,Treatment (AI),7.88,10.03
Janelle Quinn,LPC-2124,Mortgage,Irvine Ops Center,Evening,6.3,7.5,2.9,80.0,Assist-On,2026-02-19 12:16:00,2026-02-19 20:19:00,61.0,3.5,1,Treatment (AI),8.05,7.58
Xavier Ortiz,LPC-2149,Personal,Irvine Ops Center,Day,7.1,10.2,0.8,94.0,AI Extract,2026-02-18 08:11:00,2026-02-18 16:06:00,95.0,1.1,1,Treatment (AI),7.92,11.99
Yasmin Ibarra,LPC-2150,Personal,Irvine Ops Center,Day,9.0,10.1,0.9,94.0,Group A,2026-02-17 07:54:00,2026-02-17 15:36:00,91.0,1.1,1,Treatment (AI),7.7,11.82
Talia Alvarez,LPC-2151,Personal,Irvine Ops Center,Day,3.7,10.8,1.7,84.0,Assist-On,2026-02-17 08:02:00,2026-02-17 16:23:00,101.0,2.4,1,Treatment (AI),8.35,12.1
Xavier Nguyen,LPC-2152,Personal,Irvine Ops Center,Day,7.5,9.6,1.1,93.0,Manual Entry,2026-02-19 08:07:00,2026-02-19 16:05:00,81.0,,0,Control (Manual),7.97,10.16
Janelle Zimmerman,LPC-2153,Personal,Irvine Ops Center,Day,4.7,9.6,1.5,95.0,Treatment,2026-02-21 08:01:00,2026-02-21 16:17:00,82.0,1.3,1,Treatment (AI),8.27,9.92
Derek Ortiz,LPC-2154,Personal,Irvine Ops Center,Day,5.0,10.5,1.2,90.0,None,2026-02-21 07:52:00,2026-02-21 15:47:00,84.0,1.4,0,Control (Manual),7.92,10.61
Zane Usman,LPC-2155,Personal,Irvine Ops Center,Day,4.5,10.1,1.5,75.0,Treatment,2026-02-16 08:04:00,2026-02-16 15:55:00,90.0,,1,Treatment (AI),7.85,11.46
Janelle Diaz,LPC-2156,Personal,Irvine Ops Center,Day,3.6,10.6,1.5,81.0,Group B,2026-02-20 08:13:00,2026-02-20 16:24:00,82.0,1.4,0,Control (Manual),8.18,10.02
Xavier Foster,LPC-2157,Personal,Irvine Ops Center,Day,6.8,9.4,1.4,83.0,Group A,2026-02-18 08:05:00,2026-02-18 15:53:00,74.0,1.4,1,Treatment (AI),7.8,9.49
Xavier Hale,LPC-2158,Personal,Irvine Ops Center,Day,3.1,9.9,1.6,82.0,Control,2026-02-21 08:01:00,2026-02-21 16:00:00,77.0,1.7,0,Control (Manual),7.98,9.65
Talia Valdez,LPC-2159,Personal,Irvine Ops Center,Day,5.2,10.0,1.7,82.0,Typing Only,2026-02-17 07:44:00,2026-02-17 15:49:00,92.0,1.9,0,Control (Manual),8.08,11.39
Nina Bennett,LPC-2160,Personal,Irvine Ops Center,Day,7.9,11.5,0.7,99.0,Control,2026-02-17 07:42:00,2026-02-17 15:51:00,93.0,0.8,0,Control (Manual),8.15,11.41
Hannah Bennett,LPC-2161,Personal,Irvine Ops Center,Evening,6.0,9.8,1.6,87.0,Control,2026-02-20 12:01:00,2026-02-20 19:48:00,79.0,1.4,0,Control (Manual),7.78,10.15
Xavier Valdez,LPC-2162,Personal,Irvine Ops Center,Evening,6.2,10.0,0.7,94.0,Treatment,2026-02-21 12:08:00,2026-02-21 20:09:00,91.0,1.4,1,Treatment (AI),8.02,11.35
Victor Ellison,LPC-2163,Personal,Irvine Ops Center,Evening,5.6,10.7,1.3,90.0,AI Extract,2026-02-19 12:00:00,2026-02-19 19:52:00,85.0,1.8,1,Treatment (AI),7.87,10.8
Yasmin Choi,LPC-2164,Personal,Irvine Ops Center,Evening,9.0,11.6,0.7,99.0,None,2026-02-21 12:22:00,2026-02-21 20:24:00,92.0,0.5,0,Control (Manual),8.03,11.46
Carla Alvarez,LPC-2165,Personal,Irvine Ops Center,Evening,5.8,11.0,1.2,94.0,Manual Entry,2026-02-16 11:43:00,2026-02-16 19:28:00,80.0,1.1,0,Control (Manual),7.75,10.32
Wendy Reed,LPC-2166,Personal,Irvine Ops Center,Evening,6.1,10.1,1.5,92.0,Manual Entry,2026-02-17 11:55:00,2026-02-17 20:14:00,86.0,1.5,0,Control (Manual),8.32,10.34
Omar Ibarra,LPC-2167,Personal,Irvine Ops Center,Evening,7.9,10.8,1.3,84.0,Prefill Enabled,2026-02-19 11:42:00,2026-02-19 19:38:00,97.0,2.0,1,Treatment (AI),7.93,12.23
Elena Valdez,LPC-2168,Personal,Irvine Ops Center,Evening,6.5,11.6,1.9,87.0,Prefill Enabled,2026-02-18 12:25:00,2026-02-18 20:29:00,99.0,2.2,1,Treatment (AI),8.07,12.27
Carla Turner,LPC-2169,Personal,Irvine Ops Center,Evening,8.0,10.1,1.5,91.0,AI Extract,2026-02-18 11:58:00,2026-02-18 19:40:00,91.0,1.8,1,Treatment (AI),7.7,11.82
Derek Lopez,LPC-2170,Personal,Irvine Ops Center,Evening,4.9,10.4,1.6,85.0,Group B,2026-02-16 12:05:00,2026-02-16 20:06:00,80.0,1.4,0,Control (Manual),8.02,9.98
Isaac Reed,LPC-2171,Personal,Irvine Ops Center,Evening,6.1,9.9,1.7,91.0,Manual Entry,2026-02-18 11:53:00,2026-02-18 19:59:00,78.0,1.8,0,Control (Manual),8.1,9.63
Victor Patel,LPC-2172,Personal,Irvine Ops Center,Evening,1.4,9.4,2.3,85.0,Assist-On,2026-02-21 12:03:00,2026-02-21 20:14:00,92.0,2.7,1,Treatment (AI),8.18,11.25
Carla Kim,LPC-2197,Auto,Phoenix Processing Center,Day,3.2,8.6,1.7,87.0,None,2026-02-16 08:07:00,2026-02-16 15:52:00,69.0,1.0,0,Control (Manual),7.75,8.9
Leah Morris,LPC-2198,Auto,Phoenix Processing Center,Day,2.1,8.6,2.8,83.0,None,2026-02-17 07:48:00,2026-02-17 15:52:00,74.0,2.9,0,Control (Manual),8.07,9.17
Zane Jacobs,LPC-2199,Auto,Phoenix Processing Center,Day,9.4,9.2,1.6,88.0,Manual Entry,2026-02-21 08:14:00,2026-02-21 16:21:00,76.0,1.8,0,Control (Manual),8.12,9.36
Talia Kim,LPC-2200,Auto,Phoenix Processing Center,Day,4.2,9.8,1.8,87.0,Control,2026-02-18 07:53:00,2026-02-18 15:53:00,85.0,2.1,0,Control (Manual),8.0,10.62
Nina Alvarez,LPC-2201,Auto,Phoenix Processing Center,Day,7.0,9.4,1.9,95.0,Treatment,2026-02-19 07:55:00,2026-02-19 15:35:00,82.0,2.6,1,Treatment (AI),7.67,10.69
Rosa Ortiz,LPC-2202,Auto,Phoenix Processing Center,Day,8.2,9.7,1.5,95.0,Group A,2026-02-19 08:15:00,2026-02-19 16:12:00,84.0,1.7,1,Treatment (AI),7.95,10.57
Hannah Young,LPC-2203,Auto,Phoenix Processing Center,Day,4.8,9.3,2.0,86.0,AI Extract,2026-02-19 08:03:00,2026-02-19 15:58:00,83.0,2.2,1,Treatment (AI),7.92,10.48
Gavin Bennett,LPC-2204,Auto,Phoenix Processing Center,Day,8.0,8.9,1.5,97.0,Assist-On,2026-02-21 08:07:00,2026-02-21 16:10:00,87.0,1.9,1,Treatment (AI),8.05,10.81
Farah Jacobs,LPC-2205,Auto,Phoenix Processing Center,Day,4.7,8.4,2.7,84.0,Treatment,2026-02-21 07:47:00,2026-02-21 15:38:00,81.0,3.3,1,Treatment (AI),7.85,10.32
Uma Diaz,LPC-2206,Auto,Phoenix Processing Center,Day,4.5,9.2,2.2,92.0,Control,2026-02-19 08:22:00,2026-02-19 16:13:00,74.0,2.0,0,Control (Manual),7.85,9.43
Zane Reed,LPC-2207,Auto,Phoenix Processing Center,Day,1.9,7.4,3.1,78.0,Assist-On,2026-02-21 08:25:00,2026-02-21 16:31:00,77.0,4.2,1,Treatment (AI),8.1,9.51
Brandon Young,LPC-2208,Auto,Phoenix Processing Center,Day,4.8,8.9,2.2,89.0,None,2026-02-19 08:06:00,2026-02-19 16:00:00,59.0,1.9,0,Control (Manual),7.9,7.47
Xavier Diaz,LPC-2209,Auto,Phoenix Processing Center,Evening,1.3,8.4,2.6,84.0,AI Extract,2026-02-17 12:19:00,2026-02-17 20:28:00,78.0,3.8,1,Treatment (AI),8.15,9.57
Janelle Choi,LPC-2210,Auto,Phoenix Processing Center,Evening,5.0,8.7,2.6,83.0,Group B,2026-02-21 12:12:00,2026-02-21 20:19:00,71.0,2.5,0,Control (Manual),8.12,8.74
Farah Ibarra,LPC-2211,Auto,Phoenix Processing Center,Evening,2.6,6.3,2.7,76.0,Manual Entry,2026-02-21 11:43:00,2026-02-21 20:02:00,57.0,2.8,0,Control (Manual),8.32,6.85
Gavin Reed,LPC-2212,Auto,Phoenix Processing Center,Evening,6.3,8.4,2.2,87.0,Treatment,2026-02-19 12:02:00,2026-02-19 20:14:00,79.0,2.6,1,Treatment (AI),8.2,9.63
Janelle Morris,LPC-2213,Auto,Phoenix Processing Center,Evening,3.3,7.6,2.6,83.0,Group B,2026-02-20 11:50:00,2026-02-20 19:48:00,65.0,2.2,0,Control (Manual),7.97,8.16
Gavin Choi,LPC-2214,Auto,Phoenix Processing Center,Evening,6.2,8.7,2.4,78.0,Group B,2026-02-19 12:18:00,2026-02-19 20:37:00,73.0,1.9,0,Control (Manual),8.32,8.77
Isaac Choi,LPC-2215,Auto,Phoenix Processing Center,Evening,3.2,7.2,2.7,85.0,Prefill Enabled,2026-02-19 12:18:00,2026-02-19 20:18:00,69.0,3.3,1,Treatment (AI),8.0,8.62
Nina Young,LPC-2216,Auto,Phoenix Processing Center,Evening,7.0,8.2,2.5,91.0,Assist-On,2026-02-16 11:59:00,2026-02-16 19:59:00,74.0,2.9,1,Treatment (AI),8.0,9.25
Derek Singh,LPC-2217,Auto,Phoenix Processing Center,Evening,0.5,6.7,3.0,77.0,Prefill Enabled,2026-02-18 12:17:00,2026-02-18 20:21:00,63.0,3.9,1,Treatment (AI),8.07,7.81
Alicia Valdez,LPC-2218,Auto,Phoenix Processing Center,Evening,8.7,8.8,1.9,97.0,AI Extract,2026-02-19 12:12:00,2026-02-19 19:51:00,83.0,2.7,1,Treatment (AI),7.65,10.85
Marco Alvarez,LPC-2219,Auto,Phoenix Processing Center,Evening,2.0,7.1,2.6,78.0,Manual Entry,2026-02-18 11:43:00,2026-02-18 19:26:00,60.0,2.8,0,Control (Manual),7.72,7.77
Leah Ellison,LPC-2220,Auto,Phoenix Processing Center,Evening,3.1,8.9,2.7,96.0,None,2026-02-17 11:53:00,2026-02-17 19:57:00,78.0,3.1,0,Control (Manual),8.07,9.67
Nina Hale,LPC-2173,Mortgage,Phoenix Processing Center,Day,6.5,7.9,2.1,91.0,Control,2026-02-16 08:06:00,2026-02-16 15:58:00,55.0,2.4,0,Control (Manual),7.87,6.99
Elena Diaz,LPC-2174,Mortgage,Phoenix Processing Center,Day,5.1,7.8,2.2,95.0,Assist-On,2026-02-16 07:45:00,2026-02-16 15:49:00,76.0,2.7,1,Treatment (AI),8.07,9.42
Kevin Alvarez,LPC-2175,Mortgage,Phoenix Processing Center,Day,6.2,8.0,2.3,91.0,None,2026-02-18 07:49:00,2026-02-18 15:48:00,74.0,2.0,0,Control (Manual),7.98,9.27
Carla Jacobs,LPC-2176,Mortgage,Phoenix Processing Center,Day,6.1,7.8,2.4,94.0,Control,2026-02-16 08:10:00,2026-02-16 16:08:00,67.0,2.0,0,Control (Manual),7.97,8.41
Samuel Singh,LPC-2177,Mortgage,Phoenix Processing Center,Day,5.8,7.8,2.6,82.0,Treatment,2026-02-17 08:11:00,2026-02-17 16:28:00,78.0,3.2,1,Treatment (AI),8.28,9.42
Zane Kim,LPC-2178,Mortgage,Phoenix Processing Center,Day,3.5,7.0,2.6,86.0,Group B,2026-02-21 07:48:00,2026-02-21 15:43:00,59.0,3.2,0,Control (Manual),7.92,7.45
Gavin Foster,LPC-2179,Mortgage,Phoenix Processing Center,Day,4.8,6.8,2.8,88.0,Assist-On,2026-02-21 07:42:00,2026-02-21 15:35:00,71.0,3.7,1,Treatment (AI),7.88,9.01
Hannah Alvarez,LPC-2180,Mortgage,Phoenix Processing Center,Day,7.2,8.3,2.6,99.0,Typing Only,2026-02-19 08:24:00,2026-02-19 16:11:00,63.0,2.7,0,Control (Manual),7.78,8.1
Leah Reed,LPC-2181,Mortgage,Phoenix Processing Center,Day,6.3,8.4,2.8,88.0,Treatment,2026-02-19 07:57:00,2026-02-19 16:03:00,80.0,3.4,1,Treatment (AI),8.1,9.88
Derek Kim,LPC-2182,Mortgage,Phoenix Processing Center,Day,6.9,8.4,3.1,91.0,Control,2026-02-21 08:02:00,2026-02-21 16:16:00,71.0,3.0,0,Control (Manual),8.23,8.63
Elena Alvarez,LPC-2183,Mortgage,Phoenix Processing Center,Day,4.6,7.5,3.0,89.0,Treatment,2026-02-21 08:02:00,2026-02-21 16:16:00,75.0,3.9,1,Treatment (AI),8.23,9.11
Victor Morris,LPC-2184,Mortgage,Phoenix Processing Center,Day,0.5,6.4,3.4,77.0,Treatment,2026-02-17 08:05:00,2026-02-17 15:59:00,60.0,4.1,1,Treatment (AI),7.9,7.59
Janelle Singh,LPC-2185,Mortgage,Phoenix Processing Center,Evening,4.2,6.6,3.0,88.0,Typing Only,2026-02-19 12:03:00,2026-02-19 19:58:00,58.0,3.3,0,Control (Manual),7.92,7.32
Victor Lopez,LPC-2186,Mortgage,Phoenix Processing Center,Evening,2.0,6.9,3.7,82.0,Assist-On,2026-02-17 11:59:00,2026-02-17 20:02:00,69.0,4.6,1,Treatment (AI),8.05,8.57
Gavin Usman,LPC-2187,Mortgage,Phoenix Processing Center,Evening,4.5,7.9,3.0,86.0,Group B,2026-02-17 12:02:00,2026-02-17 20:14:00,64.0,3.1,0,Control (Manual),8.2,7.8
Farah Ortiz,LPC-2188,Mortgage,Phoenix Processing Center,Evening,3.0,6.6,2.9,87.0,Control,2026-02-19 11:52:00,2026-02-19 19:46:00,57.0,2.9,0,Control (Manual),7.9,7.22
Zane Quinn,LPC-2189,Mortgage,Phoenix Processing Center,Evening,5.8,7.9,2.8,93.0,Assist-On,2026-02-17 12:00:00,2026-02-17 19:42:00,74.0,3.4,1,Treatment (AI),7.7,9.61
Derek Foster,LPC-2190,Mortgage,Phoenix Processing Center,Evening,3.0,7.1,3.0,92.0,Group A,2026-02-21 12:12:00,2026-02-21 20:02:00,64.0,3.5,1,Treatment (AI),7.83,8.17
Elena Lopez,LPC-2191,Mortgage,Phoenix Processing Center,Evening,5.0,7.6,2.8,97.0,None,2026-02-17 12:11:00,2026-02-17 20:06:00,65.0,2.6,0,Control (Manual),7.92,8.21
Talia Quinn,LPC-2192,Mortgage,Phoenix Processing Center,Evening,7.3,8.2,2.9,88.0,None,2026-02-20 12:03:00,2026-02-20 20:06:00,,3.1,0,Control (Manual),8.05,
Zane Hale,LPC-2193,Mortgage,Phoenix Processing Center,Evening,2.3,6.0,3.3,78.0,Assist-On,2026-02-16 12:17:00,2026-02-16 20:29:00,68.0,4.2,1,Treatment (AI),8.2,8.29
Farah Diaz,LPC-2194,Mortgage,Phoenix Processing Center,Evening,4.6,6.8,3.3,82.0,Prefill Enabled,2026-02-21 11:43:00,2026-02-21 19:49:00,59.0,4.2,1,Treatment (AI),8.1,7.28
Talia Hale,LPC-2195,Mortgage,Phoenix Processing Center,Evening,5.3,7.7,2.5,92.0,Group B,2026-02-18 12:22:00,2026-02-18 20:31:00,55.0,2.6,0,Control (Manual),8.15,6.75
Marco Kim,LPC-2196,Mortgage,Phoenix Processing Center,Evening,4.3,7.7,2.7,95.0,Group A,2026-02-20 12:25:00,2026-02-20 20:23:00,79.0,3.2,1,Treatment (AI),7.97,9.91
Hannah Patel,LPC-2221,Personal,Phoenix Processing Center,Day,2.5,9.9,1.7,95.0,Typing Only,2026-02-18 07:49:00,2026-02-18 15:45:00,80.0,1.5,0,Control (Manual),7.93,10.09
Omar Bennett,LPC-2222,Personal,Phoenix Processing Center,Day,3.6,10.1,1.8,86.0,AI Extract,2026-02-18 08:20:00,,92.0,2.6,1,Treatment (AI),,
Priya Alvarez,LPC-2223,Personal,Phoenix Processing Center,Day,1.6,9.5,2.1,88.0,Typing Only,2026-02-19 08:10:00,2026-02-19 16:16:00,76.0,2.4,0,Control (Manual),8.1,9.38
Farah Foster,LPC-2224,Personal,Phoenix Processing Center,Day,5.4,10.7,1.7,89.0,Assist-On,2026-02-20 07:42:00,2026-02-20 15:45:00,97.0,2.5,1,Treatment (AI),8.05,12.05
Isaac Morris,LPC-2225,Personal,Phoenix Processing Center,Day,3.4,9.3,1.4,87.0,None,,2026-02-18 15:42:00,76.0,1.6,0,Control (Manual),,
Kevin Lopez,LPC-2226,Personal,Phoenix Processing Center,Day,6.0,10.3,1.2,87.0,None,2026-02-16 08:14:00,2026-02-16 16:05:00,91.0,0.9,0,Control (Manual),7.85,11.59
Elena Morris,LPC-2227,Personal,Phoenix Processing Center,Day,7.9,10.2,1.0,90.0,Typing Only,2026-02-18 08:03:00,2026-02-18 15:43:00,81.0,0.9,0,Control (Manual),7.67,10.56
Brandon Choi,LPC-2228,Personal,Phoenix Processing Center,Day,4.9,10.2,1.1,95.0,Assist-On,2026-02-19 08:02:00,2026-02-19 15:48:00,84.0,1.2,1,Treatment (AI),7.77,10.81
Hannah Reed,LPC-2229,Personal,Phoenix Processing Center,Day,3.0,10.0,1.6,90.0,Group A,2026-02-21 08:15:00,2026-02-21 16:11:00,85.0,2.2,1,Treatment (AI),7.93,10.72
Quincy Zimmerman,LPC-2230,Personal,Phoenix Processing Center,Day,2.6,8.9,1.8,88.0,AI Extract,2026-02-19 08:16:00,2026-02-19 16:07:00,84.0,2.5,1,Treatment (AI),7.85,10.7
Alicia Usman,LPC-2231,Personal,Phoenix Processing Center,Day,0.8,8.8,1.8,81.0,Group B,2026-02-18 08:19:00,2026-02-18 16:12:00,69.0,1.8,0,Control (Manual),7.88,8.76
Leah Diaz,LPC-2232,Personal,Phoenix Processing Center,Day,4.9,9.5,1.2,89.0,AI Extract,2026-02-21 07:51:00,2026-02-21 15:43:00,84.0,1.4,1,Treatment (AI),7.87,10.67
Zane Choi,LPC-2233,Personal,Phoenix Processing Center,Evening,7.9,10.4,1.2,93.0,AI Extract,2026-02-16 12:23:00,2026-02-16 20:03:00,84.0,1.5,1,Treatment (AI),7.67,10.95
Carla Ibarra,LPC-2234,Personal,Phoenix Processing Center,Evening,5.9,8.6,2.1,80.0,Control,2026-02-21 12:19:00,2026-02-21 20:24:00,70.0,2.1,0,Control (Manual),8.08,8.66
Elena Zimmerman,LPC-2235,Personal,Phoenix Processing Center,Evening,3.2,8.6,1.8,89.0,Assist-On,2026-02-17 12:19:00,2026-02-17 20:11:00,72.0,1.9,1,Treatment (AI),7.87,9.15
Omar Kim,LPC-2236,Personal,Phoenix Processing Center,Evening,2.2,8.5,2.5,82.0,Group B,2026-02-18 12:17:00,2026-02-18 20:02:00,70.0,2.9,0,Control (Manual),7.75,9.03
Quincy Williams,LPC-2237,Personal,Phoenix Processing Center,Evening,7.8,11.2,1.7,91.0,Control,2026-02-20 12:07:00,2026-02-20 20:15:00,87.0,1.9,0,Control (Manual),8.13,10.7
Quincy Ortiz,LPC-2238,Personal,Phoenix Processing Center,Evening,3.8,8.6,2.4,77.0,Manual Entry,2026-02-20 12:13:00,2026-02-20 20:13:00,67.0,2.6,0,Control (Manual),8.0,8.38
Rosa Singh,LPC-2239,Personal,Phoenix Processing Center,Evening,0.5,8.0,3.4,75.0,Group A,2026-02-18 12:17:00,2026-02-18 20:15:00,74.0,4.2,1,Treatment (AI),7.97,9.28
Kevin Diaz,LPC-2240,Personal,Phoenix Processing Center,Evening,8.0,11.1,0.9,92.0,Group B,2026-02-20 12:11:00,2026-02-20 20:03:00,84.0,0.8,0,Control (Manual),7.87,10.67
Omar Williams,LPC-2241,Personal,Phoenix Processing Center,Evening,5.8,10.0,1.7,89.0,Treatment,2026-02-20 12:00:00,2026-02-20 20:04:00,86.0,1.8,1,Treatment (AI),8.07,10.66
Marco Ortiz,LPC-2242,Personal,Phoenix Processing Center,Evening,7.5,9.4,0.9,91.0,Treatment,2026-02-18 12:19:00,2026-02-18 20:09:00,82.0,1.7,1,Treatment (AI),7.83,10.47
Samuel Young,LPC-2243,Personal,Phoenix Processing Center,Evening,4.8,10.0,1.2,93.0,Assist-On,2026-02-20 11:54:00,2026-02-20 19:55:00,88.0,1.7,1,Treatment (AI),8.02,10.97
Quincy Young,LPC-2244,Personal,Phoenix Processing Center,Evening,7.1,10.5,1.3,87.0,Group B,2026-02-18 11:52:00,2026-02-18 19:41:00,73.0,0.9,0,Control (Manual),7.82,9.34
